gene,variant,cancer_type,mutation_count,eligible_cases,frequency,frequency_percentage,source,level,evidence,role
EGFR,Exon 19 Deletion (E746_A750del),Lung Adenocarcinoma,1450,10000,0.145,14.5,AACR_GENIE_15.0,LEVEL_1,FDA_APPROVED_BIOMARKER,CANONICAL_DRIVER
EGFR,L858R,Lung Adenocarcinoma,1120,10000,0.112,11.2,AACR_GENIE_15.0,LEVEL_1,FDA_APPROVED_BIOMARKER,CANONICAL_DRIVER
KRAS,G12C,Lung Adenocarcinoma,1300,10000,0.13,13.0,AACR_GENIE_15.0,LEVEL_1,FDA_APPROVED_BIOMARKER,CANONICAL_DRIVER
TP53,R273H,Lung Adenocarcinoma,3800,10000,0.38,38.0,AACR_GENIE_15.0,LEVEL_1,CLINICAL_TRIAL_EVIDENCE,CO_DRIVER
ALK,EML4-ALK Fusion,Lung Adenocarcinoma,480,10000,0.048,4.8,AACR_GENIE_15.0,LEVEL_2,FDA_APPROVED_BIOMARKER,FUSION_DRIVER
BRAF,V600E,Lung Adenocarcinoma,250,10000,0.025,2.5,AACR_GENIE_15.0,LEVEL_3,FDA_APPROVED_BIOMARKER,RARE_DRIVER
RET,KIF5B-RET Fusion,Lung Adenocarcinoma,120,10000,0.012,1.2,AACR_GENIE_15.0,LEVEL_3,FDA_APPROVED_BIOMARKER,RARE_FUSION
EGFR,T790M,Lung Adenocarcinoma,850,10000,0.085,8.5,COSMIC_v99,LEVEL_4,FDA_APPROVED_BIOMARKER,ACQUIRED_RESISTANCE
EGFR,C797S,Lung Adenocarcinoma,210,10000,0.021,2.1,COSMIC_v99,LEVEL_5,CLINICAL_TRIAL_EVIDENCE,TERTIARY_RESISTANCE
KRAS,G12D,Colorectal Adenocarcinoma,3200,10000,0.32,32.0,AACR_GENIE_15.0,LEVEL_1,FDA_APPROVED_BIOMARKER,CANONICAL_DRIVER
APC,R1450*,Colorectal Adenocarcinoma,7000,10000,0.7,70.0,AACR_GENIE_15.0,LEVEL_1,CLINICAL_TRIAL_EVIDENCE,TUMOR_SUPPRESSOR
TP53,R175H,Colorectal Adenocarcinoma,5500,10000,0.55,55.0,AACR_GENIE_15.0,LEVEL_1,CLINICAL_TRIAL_EVIDENCE,CO_DRIVER
BRAF,V600E,Colorectal Adenocarcinoma,950,10000,0.095,9.5,AACR_GENIE_15.0,LEVEL_2,FDA_APPROVED_BIOMARKER,POOR_PROGNOSIS_DRIVER
PIK3CA,E545K,Colorectal Adenocarcinoma,1600,10000,0.16,16.0,AACR_GENIE_15.0,LEVEL_2,CLINICAL_TRIAL_EVIDENCE,PATHWAY_DRIVER
HER2,ERBB2 Amplification,Colorectal Adenocarcinoma,300,10000,0.03,3.0,AACR_GENIE_15.0,LEVEL_3,FDA_APPROVED_BIOMARKER,AMPLIFICATION_DRIVER
PIK3CA,H1047R,Breast Invasive Carcinoma,2800,10000,0.28,28.0,AACR_GENIE_15.0,LEVEL_1,FDA_APPROVED_BIOMARKER,CANONICAL_DRIVER
TP53,R248Q,Breast Invasive Carcinoma,3000,10000,0.3,30.0,AACR_GENIE_15.0,LEVEL_1,CLINICAL_TRIAL_EVIDENCE,CO_DRIVER
BRCA1,185delAG,Breast Invasive Carcinoma,450,10000,0.045,4.5,ClinVar_2026,LEVEL_2,FDA_APPROVED_BIOMARKER,DNA_REPAIR_LOSS
BRCA2,6174delT,Breast Invasive Carcinoma,400,10000,0.04,4.0,ClinVar_2026,LEVEL_2,FDA_APPROVED_BIOMARKER,DNA_REPAIR_LOSS
ESR1,D538G,Breast Invasive Carcinoma,520,10000,0.052,5.2,COSMIC_v99,LEVEL_4,FDA_APPROVED_BIOMARKER,ENDOCRINE_RESISTANCE
BRAF,V600E,Cutaneous Melanoma,5000,10000,0.5,50.0,AACR_GENIE_15.0,LEVEL_1,FDA_APPROVED_BIOMARKER,CANONICAL_DRIVER
NRAS,Q61R,Cutaneous Melanoma,2000,10000,0.2,20.0,AACR_GENIE_15.0,LEVEL_1,CLINICAL_TRIAL_EVIDENCE,MAPK_DRIVER
KIT,L576P,Cutaneous Melanoma,300,10000,0.03,3.0,AACR_GENIE_15.0,LEVEL_3,FDA_APPROVED_BIOMARKER,MUCOSAL_ACRAL_DRIVER
MEK1,P124S,Cutaneous Melanoma,220,10000,0.022,2.2,COSMIC_v99,LEVEL_4,CLINICAL_TRIAL_EVIDENCE,TARGETED_RESISTANCE
